,Tweet,Popularity
0,RT @SteveMartinToGo: Get that cat outta here! MT @carlreiner: I am scheduled to have a cat scan. I tell the doctor that I have never owned â¦,80
1,RT @BarackObama: Always to the point. MT @ChicagosMayor: Because #LifeHappens. #GetCoveredNow. Deadline is 3/31 http://t.co/lWFpTtCdWs,43
2,RT @SteveMartinToGo: Reread original text. MT @Juicedog23:  I thought it was weird that one fire ant dropped grasshopper and tried to startâ¦,21
3,"RT @BarackObama: ""We nag you because we love you."" â@MichelleObama on why mom wants you to #GetCoveredNow http://t.co/NhV4l820xm",20
4,"RT @BarackObama: ""We've got to make sure that every woman has the opportunities that she deserves. When a woman succeeds, America succeeds.â¦",18
5,"RT @BarackObama: President Obama: Today, more women are bread winners than ever before, but they are still making less than men. #WomenSuccâ¦",15
6,RT @taylorswift13: So excited to have been a part of this. First look at The Giver. @OdeyaRush1 @KatieHolmes212 http://t.co/WlzcBSYRGx #Theâ¦,15
7,RT @taylorswift13: I love! RT@justinbieber I posted it!!! My response VIDEO to @taylorswift13 with an EXCLUSIVE SONG from my album...ENJOY â¦,14
8,"RT @GilletteStadium: @taylorswift13 This. Is. Everything. ""MT @logan32 #FlashbackFriday #TaylorsPrince had the best 2 nights of his life htâ¦",12
9,"RT @SteveMartinToGo: Hope you enjoy my ""ant"" role in Noah.",11
10,RT @foolsrising: @tim_cook #mbp2011 #whatwouldstevejobsdo via http://t.co/bsk4TYhJCO,11
11,"RT @BarackObama: ""No woman should have to put off potentially lifesaving care because money is tight."" âPresident Obama #WomenSucceed",9
12,RT @OUPAcademic: World's 20 Most Stunning Libraries  http://t.co/xRF0l2Q6w2 via @fodorstravel h/t @ShelfAwareness,9
13,RT @David_Cameron: Tough interview with @JKCorden who is guest editor of @TheSunNewspaper for @sportrelief - read all about it tomorrow. htâ¦,8
14,"RT @tim_cook: Remembering Steve on his birthday:  ""Details matter, itâs worth waiting to get it right.""",8
15,"RT @AnjumKiani: Dear @BarackObama &amp; @David_Cameron, India is also illegally occuping Kashmir for the last 66 years against UN resolutions. â¦",7
16,"RT @Sophia_Isobell: @David_Cameron Just because something is a tradition, doesn't mean it's right. #WhatTheFox? http://t.co/33K3mWhSyZ",7
17,"RT @ariadnaoltra: English punctuation. Per aprendre, via @jmreniu.
â@AcademicsSay: The Oxford Comma. @OUPAcademic http://t.co/EanmputBj9â",7
18,"RT @OUPAcademic: Ovid, the cusp of Spring, and rebirth and transformation http://t.co/3D43WPW5In by Jane Alison @VABookFest #vabook #Ovid",7
19,"RT @OUPAcademic: Of Sexual Irregularities, and other writings on Sexual Morality by Jeremy Bentham http://t.co/nfXpycO0CQ #sexy19thcenturybâ¦",7
20,RT @RegardingAudio: Apple in denial that the early 2011 macbook proo has issues even though it's widespread. #mbp2011 #whatwouldstevejobsdoâ¦,7
21,"RT @RegardingAudio: Going to cost me R14,000 here in South Africa to repair my macbook pro. Comon Apple, own up. #mbp2011 #whatwouldstevejoâ¦",7
22,RT @OUPAcademic: âThe Outrage Industryâ Examines Polarizing Political Commentary  http://t.co/zkEDKQyNPI via @WBUR #media #politics,6
23,RT @SteveMartinToGo: It's in the antennae RT @kfayal: I knew it was you before the credits ran!  #TheBoov #CaptainSmek,5
24,RT @MizzaaB: @David_Cameron #WHATTHEFOX http://t.co/Z3SEL2XCQK,5
25,"RT @gmjones73: @David_Cameron 
#torybingo 
55 bankers still thrive
23 food bank for tea
44 mock the poor
28 donât tax your mates
64 bailiffâ¦",5
26,RT @David_Cameron: Find out what #Budget2014 means for you and your family by answering a few simple questions at http://t.co/GsNmHX4nph htâ¦,5
27,RT @OUPAcademic: The discriminating tastes of bumblebees in English gardens http://t.co/GQaOTGrxXb  #bees,5
28,RT @OUPAcademic: It's  World Happiness Day! Let's contemplate what is happiness: http://t.co/myBdVbPXgk,5
29,"RT @OUPAcademic: Beggars, buggers, and bigots, --- and goats? http://t.co/IN9XpnxwlJ #etymology",5
30,RT @OUPAcademic: From art to autism: a Q&amp;A with @utafrith - http://t.co/jbpBgb4owC #autism,5
31,"RT @LukeFriendMusic: ""Cause when your 15 and somebody tells you they love you, your gonna believe them"" @taylorswift13 #loveitloveitloveit",5
32,"RT @taylorswift13: One of the only unchanging things about my life in the last 10 years is my love of Paramore, Ingrid Michaelson, Fall Outâ¦",5
33,"RT @iambatt: @tim_cook I'm one of thousands of small businesses affected by the #MBP2011 GPU failures, how can Apple do nothing?",5
34,"RT @Chris_Mayer: Office of the Pres has been reduced to this MT @BarackObama: share your ""life happens"" photos #GetCoveredNow. http://t.co/â¦",4
35,"RT @SteveMartinToGo: Delighted to link you up to a teaser for a film I'm performing in this fall. ""Home,"" from Dreamworks. https://t.co/OBJâ¦",4
36,"RT @TheVisFor: @David_Cameron come on, answer @KerryMP we're waiting to hear you try and justify murder...#WhatTheFox http://t.co/sW1N7lG54J",4
37,RT @BernardMcEldown: A message from call me Dave @David_Cameron http://t.co/JVXPk9DzTK,4
38,RT @OUPAcademic: Is Paul Ryan Racist? Has he learned his lesson? http://t.co/DjiTTQmx5k by @IanHaneyLopez @DogWhistleRace @Politico,4
39,RT @OUPAcademic: Bumblebees in English gardens http://t.co/GQaOTGrxXb by @PlymUni lecturer Michael Hanley cc: @OxfordJournals @annbot #bees,4
40,RT @TSwift_fearless: â@taylorswift13: She's so BORED. http://t.co/5c0bPc85XIâ She's so CUTE.,4
41,"RT @taylorswift13: Happy Birthday, @austinswift7! I made an annoying meme to celebrate this momentous occasion! http://t.co/PxxEbMkI5N",4
42,RT @taylorswift13: They just told me Red sold 1.2 million albums first week. How is this real life?! You are UNREAL. I love you so much. Thâ¦,4
43,RT @taylorswift13: There are 13's EVERYWHERE. This is PERFECT.,4
44,RT @mlawrencephoto: Let's make @tim_cook and apple listen to us. Recall or replacement program! #mbp2011 https://t.co/wcK0VjCdfe,4
45,RT @JTN_07: @tim_cook Here is a video of my MacBook Pro and my trust in Apple falling apart before my eyes http://t.co/T3oQhwWURV #mbp2011,4
46,RT @YDMO: RT if you agree with @BarackObama: MO's legislature isn't doing the right thing when it comes to #MedicaidExpansion - http://t.coâ¦,3
47,RT @camilacabello97: @harrys_hairy @BarackObama HE'S MINE!!!!,3
48,"RT @BarackObama: ""This is a family agenda, but it starts with making sure every woman is getting a fair shot."" âPresident Obama #WomenSucceâ¦",3
49,"RT @BarackObama: ""You can only pick one winning teamâI have 63 colleges mad at me."" â President Obama on #MarchMadness",3
50,"RT @BarackObama: ""We've got to build an economy that works for everybody, not just for a few."" â President Obama #OpportunityForAll",3
51,"RT @BanjoPope: While on the run after killing a dashing &amp; daring cowboy in El Paso, @SteveMartinToGo bums a cigarette off my uncle. http://â¦",3
52,"RT @Muttfan: @David_Cameron please don't interfere with the #McCann case again,  the UK Government has done enough damage already",3
53,RT @OUPAcademic: Ovid the naturalist http://t.co/3D43WPW5In by Jane Alison @VABookFest #vabook  #Ovid,3
54,RT @OUPAcademic: Will caloric restriction help you live longer? http://t.co/3KLtiWMLNM by Dmytro Gospodaryov and Oleh Lushchak cc: @geronsoâ¦,3
55,RT @taylorswift13: Lena on @jimmyfallon = the most adorable interview ever and I'm sad that it's over.,3
56,RT @graciousswift13: @taylorswift13 hey here's a wild idea buy a house next door to mine,3
57,"RT @taylorswift13: My publicist describing the fashion direction of this shoot to me: ""It's supposed to be festive, but not 'Taylor Swift tâ¦",3
58,RT @taylorswift13: Confetti-bombed my brother for his birthday and he was like ð http://t.co/eVjwf8fMEw,3
59,RT @taylorswift13: A day of cooking in the Hamptons with my HERO. How bad can that be? inagarten @foodnetwork_mag http://t.co/6t5LQNwhAu,3
60,"RT @TheAppWhisperer: Letter to Jane â Fabulous Photography iPad Magazine http://t.co/tbyvYiA5ja @lettertojane, @tim_cook, #ipadmagazines, #â¦",3
61,RT @pavlvsxavier: @tim_cook The right time for #apple to do the right thing about the faulty #mbp2011 is right NOW! FIX OR RECALL! http://tâ¦,3
62,"RT @BarackObama: ""When women make less than men, that hurts their families."" âPresident Obama #WomenSucceed",2
63,"RT @BarackObama: ""The deadline to get covered this year is March 31st, which is just 11 days away."" âPresident Obama #LastCall2014",2
64,RT @skyfenix1: HELP US! #CARACAS #SOS @BarackObama @JohnKerry @RosLehtinen @marcorubio @tachirafuerte @ntn24 @cnneireport http://t.co/QKT9Zâ¦,2
65,RT @ReneePrasek: MT @H8Crats: You were accountable! @BarackObama @HillaryClinton #JusticeForBenghazi4 http://t.co/l4Taa7PSD1 http://t.co/pNâ¦,2
66,"RT @thestreeter: #forward #letsmove #yeswecan MT @redsteeze: Putin is also calling it that RT @BarackObama: ""We're calling this a year of aâ¦",2
67,RT @Only4RM: WELP! RT @BarackObama Always to the point. MT @ChicagosMayor: Because #LifeHappens. #GetCoveredNow. Deadline is 3/31 http://t.â¦,2
68,RT @SteveMartinToGo: Temperature fluctuating wildly between 80 and 81 requires constant maintenence of ice cubes in tea. Tiresome.,2
69,RT @SteveMartinToGo: It's 82 degrees where I am. I'm no longer cold. I'm hot. Too hot. I wish I were cold again.,2
70,RT @SteveMartinToGo: And here is the teaser on Buzzfeed! http://t.co/0BYamBjE4E,2
71,RT @SteveMartinToGo: Now tweeting from an unknown location. http://t.co/z07VdB4TJE,2
72,"RT @SteveMartinToGo: Oscar earned after the fact. RT @ryandfletcher:  Shame that your fine ""in pants"" work was so easily mistaken for Noah â¦",2
73,RT @1matthewwright1: @Muttfan @B_balou @David_Cameron GA said in his recent interview the case will be resolved when there is the politicalâ¦,2
74,RT @spartacus303: LOOK | Its Daves #BullshitBingo | #wildlifecrime | @David_Cameron @George_Osborne | http://t.co/9a98o243Fo,2
75,RT @MangMonty: â@DavidTaboada1: Apa @David_Cameron #WhatTheFox? http://t.co/h8NLlKx7Q9â @fleetstreetfox,2
76,RT @SirPatStew: .@robdelaney @David_Cameron @BarackObama I'm now patched in as well. Sorry for the delay. http://t.co/elLQcKcV3w,2
77,RT @HuntSabs: #whatthefox does @david_cameron think he's upto playing #torybingo with wildlife? http://t.co/U3IrxlZECy http://t.co/iw6Aiaocâ¦,2
78,"RT @demindblower: ""@Hugh_Amye: @David_Cameron Share The Facts
Conservative""BINGO""Party http://t.co/1AIhpZEifp""",2
79,RT @leonard11110: @David_Cameron The Scot asked 4 independence &amp; you know it will happen as the Scottish wants it! NOW BIAFRA also wants itâ¦,2
80,RT @leonard11110: @David_Cameron #Indigenous ppl ve D right 2 self-determination. By virtue of that right they freely determine their politâ¦,2
81,RT @Beezerbomb: @OUPAcademic @TheMickyDolenz1 @AlynShipton @monkeescon2014 Am currently reading alyn's book on Harry.  Wonderful &amp; Fascinatâ¦,2
82,RT @artdublinblog: RT @OUPAcademic From art to autism: a Q&amp;A with @utafrith - http://t.co/Yuk2Yg3eL7  #autism,2
83,Time for fried chikin RT @OUPAcademic: Happy National Poultry Day! Read latest research in the (cont) http://t.co/QVrMDx1ug9,2
84,"RT @redemmas: Just in! ""Seventeen Contradictions and the End of Capitalism"" the latest from @profdavidharvey via @OUPAcademic http://t.co/râ¦",2
85,RT @OUPAcademic: How Harry Nilsson became involved with the Monkees http://t.co/a0a0TZv01M cc: @AlynShipton @monkeescon2014 #Monkees,2
86,RT @taylorswift13: I just love you guys a lot.,2
87,RT @taylorswift13: Nashville tonight. Nashville tonight. Nashville tonight. Nashville tonight. NASHVILLE. TONIGHT.,2
88,RT @4aLowerplace: @tim_cook inspired by use of apple at @Lowerplace_PS Ismaeel chose Steve Jobs as his famous inventor. http://t.co/cVgjOyOâ¦,2
89,RT @peterebert: Thank you Tim for fiercely defending @Apple's switch to #renewable energy!!! http://t.co/J9R97VQAVz @tim_cook,2
90,"RT @tim_cook: Abraham #Lincoln's timeless advice:   ""I will prepare and someday my chance will come"".",2
91,RT @SteveLandrum: Yeah... @tim_cook sends his love. RT @TIME We did the math: @UofAlabama is 1.27 times more influential than @AuburnU httpâ¦,2
92,RT @mistermattlu: @tim_cook I am now one of the thousands in need of a response. #mbp2011 #whatwouldstevejobsdo,2
93,RT @ldipenti: I hope @tim_cook behave different than Nikon about the #mbp2011 issue. #whatwouldstevejobsdo http://t.co/Bmc1B6xLfU,2
94,"RT @CScode: Unfortunately Genius Bar staff was useless, they only said please fix and pay money. A dependable person is only you, @tim_cookâ¦",2
95,RT @pavlvsxavier: @tim_cook #Apple  has to do a lot better than continuing to ignore this. #mbp2011 http://t.co/yX1VNcRezD http://t.co/FPnEâ¦,2
96,RT @Mr_Taylorm: @tim_cook Is #Apple trying to set a new industry standard of failing computers with #mbp2011? You guys are known to #thinkdâ¦,2
97,RT @awkdemetria: you should download shots app! http://t.co/hPa5wYoEzm. :) @Beyonce @rihanna @ladygaga @katyperry @taylorswift13,2
98,RT @CANEurope: MT @GreenpeaceUK BREAKING: No. 10 hit by flood waters. Will @David_Cameron now get serious at European climate talks?...,2
99,RT @WoodlandTrust: MT @Shazza6969: @GreenpeaceUK My little girl Lilith wants @David_Cameron to save UK's #AncientWoodland  http://t.co/NDXJâ¦,2
100,RT MT DT TT @Number10gov @David_Cameron @foreignoffice @WilliamJHague #BP and #Shell interests in #Russia will be siezed and confiscated.,2
101,RT @steveyknight: It worked! https://t.co/S8Zq4LKTNe MT @David_Cameron: I urged President Abbas to work with PM Netanyahu for peace. http:/â¦,2
102,"Not a cult, at all-&gt; RT @BarackObama: ""We nag you because we love you."" â@MichelleObama on why mom wants you to #GetCoveredNow",1
103,"RT @Joan_Albert_SI: SOS CATALONIA #spainisnotdemocratic
#Democracy #9N2014 
@BarackObama @AngelaMerquel @BladimirPuten 
CATALONIA IS NOT SPâ¦",1
104,"RT @DaRiverZkind: @JonFavs former @WhiteHouse speechwriter receives James Joyce Award at @Ucddublin ""What I learned from @BarackObama"" httpâ¦",1
105,"RT @AAllen69: .@BarackObama  Stop the Canadian #sealhunt with a federal buyout: http://t.co/Oep6Y3XIzt via @HumaneSociety""",1
106,RT @Allison_sad: @politicalwire The track record of the Naysayers continue to be Zero. Don't bet against President @BarackObama.,1
107,RT @A7xxmd: @SJxAT_ @BarackObama and i need a sexy girls plees ð,1
108,RT @pghdads: @mikandynothem @phillipcparrish @RealJamesWoods @BarackObama @SenBobCasey ; Keep hammering them James!,1
109,"RT @AllHailTaron: We Gotta Re-Elect This Nigga  

â@BarackObama: Fuck Da Opps #300GloGangBitchâ http://t.co/8N0qQoZJui",1
110,"RT @texasbryanp: Whatever the reason, KNOCK IT OFF. RT @BarackObama: ""We nag you because we love you."" â@MichelleObama on why mom wants youâ¦",1
111,"RT @MyFoxOrlando: Waving goodbye. @BarackObama about to depart Orlando for Miami, two fundraisers. #fox35 http://t.co/1VaURhxJWK #fox35 @daâ¦",1
112,"RT @larry_kudlow: What is @BarackObama waiting for? Pull plug on oligarchs.Financial sanctions on banks,securities investment, stock/bond fâ¦",1
113,"RT @faketrivia: Congrats to @BarackObama for correctly picking his alma mater. Finally, some #Harvard students do something with their liveâ¦",1
114,RT @BarackObama: LIVE: The President is speaking about improving economic opportunity for women and working families. http://t.co/78BAdJbgNâ¦,1
115,RT @FknKyubey: .@BarackObama does a photo of me in bondage count,1
116,RT @LBLionne: @BarackObama Wow Mr. President. Are you that driven by yr own personal agenda? You haven't mentioned #RenewUI in weeks. So soâ¦,1
117,"RT @BarackObama: ""We're calling this a year of action ... I'm not going to wait for Congress."" â President Obama",1
118,RT @OU_Softball: The photo has finally arrived! What an amazing honor for the #Sooners to meet @BarackObama last week http://t.co/18PVVpo3lL,1
119,RT @TheHerd: The First Fan @BarackObama joins @ESPN_Colin for his Barack-etology and more LISTEN http://t.co/rygVING0nD http://t.co/H7cTAwNâ¦,1
120,"RT @cynthia4877: MT @MinnieBellW @TheDemocrats @EddieIsSteady @EnragedLib @BarackObama ðMinnie, now there U go spreading good news abt #ACAâ¦",1
121,"MT @MinnieBellW @TheDemocrats @EddieIsSteady @EnragedLib @BarackObama ðMinnie, now there U go spreading good news abt #ACA. Keep it up, girl",1
122,Welp MT: @sagesteele Comical hearing @BarackObama pimping his health care plan on @ESPN_Colin 's show... It's ESPN!! Let's stick to hoops!!!,1
123,"#forward #letsmove #yeswecan MT @redsteeze: Putin is also calling it that RT @BarackObama: ""We're calling this a year of action""",1
124,"Yes, pls do! Would love 2 read about your experience! MT @AbeAborayaOBJ @MyMamihood @BarackObama @valenciacollege  Want to chat afterwards?",1
125,"Liar Of The Year------&gt;MT @BarackObama: ""The deadline to get covered this year is March 31st."" âPresident Obama #LastCall2014",1
126,"MT &gt; @BarackObama : ""We're calling this a year of action ... I'm not going to wait for Congress."" â President Putin",1
127,"MT @BarackObama: ""We're calling this a year of action ... I'm not going to wait for Congress. Fuck the Constitution."" â President Obama",1
128,"IOW ""Silly balance of powers.I thumb my nose at you""MT @BarackObama ""We're callng this a year of action...I'm not going to wait for Congress",1
129,"RT @ArtbyAWOHS: He said after he chased women out of the workforce for 5 yrs, MT @BarackObama..starts with making sure every woman is gettiâ¦",1
130,"He said after he chased women out of the workforce for 5 yrs, MT @BarackObama..starts with making sure every woman is getting a fair shot.""",1
131,"We? Really? MT @BarackObama: ""We've got to build an economy that works for everybody, not just for a few.""President Obama #OpportunityForAll",1
132,MT @BarackObama LIVE: Pres is speaking about improving economic opportunity 4 women/working families. http://t.co/5YzGUsmtbp #WomenSucceed,1
133,"Our mission: MT @BarackObama: ""We've got to build an economy that works for everybody, not just for a few."" â Pres Obama #OpportunityForAll",1
134,MT .@LawfareProject: An Analysis of .@BarackObama's  Terrorism Doctrine http://t.co/qjevnt7L5Q via @drrichswier &gt;Doctrine of US Destruction!,1
135,Now @BarackObama's address makes sense &gt; MT @AyannaPressley: Worcester a model for Bostonâs only vocational school http://t.co/UM7k5De54I,1
136,MT @senatornanrich: I support @BarackObama and always have. But I'm happy to spend this evening with Dems who want a real Democrat as Gov,1
137,MT BREAKING @BarackObama flies @united â@LANow: JUST IN: @BarackObama to deliver commencement address @UCIrvineâ http://t.co/ZfPWgwXAvy,1
138,RT @BarackObama: Tattoos not included. MT @jasonderulo: 2night the #VMAâs... who can tell me what's dropping Oct 1? Hint: go 2 http://t.co/â¦,1
139,RT @BarackObama: Thanks for spreading the word. #ROAR MT @katyperry: RT @BarackObama: Get affordable coverage starting Oct. 1 http://t.co/1â¦,1
140,#MarchMadness MT @OU_Softball: Photo has arrived! Amazing honor for the #Sooners to meet @BarackObama last week http://t.co/LYOGRthmyW,1
141,"@Pontifex @BarackObama
MT @Speciesism
Hats off to this guy!
http://t.co/xg9w2aV1b8
#OWS #UniteBlue #Eco #Latism #AJAMStream @normangoldman",1
142,Tying up #traffic~MT @MyFoxOrlando: .@BarackObama motorcade en route #ObamaAtValencia http://t.co/CJDAup2jPr  #FOX35 @AJacksonTV,1
143,RT @tobytobitobe: This happened RT @BarackObama: Always to the point. MT @ChicagosMayor: Because #LifeHappens. #GetCoveredNow. http://t.co/â¦,1
144,MT @MyFoxOrlando: .@BarackObama motorcade is en route to Valencia College,1
145,Proud to be an Anteater! MT: Congrats to our friends @ucirvine! Can't wait to see @BarackObama with @PeterTAnteater! http://t.co/WZq7h2lI3Hâ,1
146,"MT :@usislam: Is @BarackObama  improving relations with the Islamic world? Read why it matters:
http://t.co/r5W3843Yok""",1
147,Ignore Sulus. MT @BarackObama @JohnTheCho on crazy stuff that goes down when young and reckless: http://t.co/Jb2LeSpwQP #GetCoveredNow #TBT,1
148,"Hmmm. MT @sportswatch: Most popular Final Four picks among ESPN's 11+ mil brackets: Zona, FLA, Mich St, L'ville. Same as @BarackObama.",1
149,!!! --&gt; MT @BarackObama: @JohnTheCho on the crazy stuff that goes down when you're young: http://t.co/Tgl2I8HDuw #GetCoveredNow #TBT,1
150,"Umm, OK MT @BarackObama: @JohnTheCho on the crazy stuff that goes down when you're young and reckless http://t.co/bc2Uc0tgnr #GetCoveredNow",1
151,Impressive! MT @PamWCVB: Worcester Tech prin Dr Sheila Harrity kept @BarackObama visit secret for a week &amp; half. He's commencement spkr.,1
152,RT @jtuckermartin: Found my weak spot MT @MarkWarnerVa Bipartisan consensus @BarackObama has @UVAMensHoops out too early @jtuckermartin httâ¦,1
153,RT @8bitmagicgames: We're really sorry @BarackObama but #mightymower got carried away and mowed your #8bit lawn. http://t.co/MCNQXkrrVW httâ¦,1
154,#LifeHappens he says. MT @BarackObama: Join in todayâs health care #TBT push. http://t.co/ltHS3DDW0h #GetCoveredNow http://t.co/rar00Fg3UZ,1
155,"MT @samsteinhp &gt; @BarackObama to @oreillyfactor: #Lincoln ""loved telling the occasional bawdy joke"". http://t.co/C9i1AZ8xvP @politifact?",1
156,We're really sorry @BarackObama but #mightymower got carried away and mowed your #8bit lawn. http://t.co/MCNQXkrrVW http://t.co/DnvMHWFg24,1
157,The signature on my voter registration? MT @BarackObama Thinking we're only one signature away from ending the war in Iraq. (from 4/29/07),1
158,Fabulous news! MT@mass_digi Congrats to at Worcester Technical HS! Pres. @BarackObama to deliver graduation address http://t.co/K3dq4lr8eU â¦,1
159,RT @icashmir: #Kashmir MT @ndtv: Russia needs to recognize the rights of the people of Ukraine which will determine their future: @BarackObâ¦,1
160,#Kashmir MT @ndtv: Russia needs to recognize the rights of the people of Ukraine which will determine their future: @BarackObama,1
161,"RT @FirstTeamTommy: Your presidency is on crutches. MT @BarackObama: Tomorrow, share your own #TBT ""life happens"" photosâ#GetCoveredNow. htâ¦",1
162,"Your presidency is on crutches. MT @BarackObama: Tomorrow, share your own #TBT ""life happens"" photosâ#GetCoveredNow. http://t.co/upuWiVMFAf",1
163,"I could have fun with this MT @BarackObama: Tomorrow, share your own #TBT ""life happens"" photos http://t.co/44q4J9cV17",1
164,RT @BenLaBolt: Awesome MT @BarackObama Always to the point MT @ChicagosMayor: Because #LifeHappens #GetCoveredNow. Deadline is 3/31 http://â¦,1
165,"ESPN twice, Between Two Ferns, Ellen, The View.  Meanwhile in Ukraine, Russia, Iran, Venezuela MT @SarahSpain @BarackObama joins @ESPN_Colin",1
166,RT @barbieangell: i haven't heard anything about @SteveMartinToGo coming to my art &amp; poetry show tonite....i can only assume he's become anâ¦,1
167,RT @SteveMartinToGo: I'm now expected to believe that tomorrow's 40 degrees is warm.,1
168,"RT @Scott_Flowerss: @SteveMartinToGo was told I was just as good as you at playing Orin in Little Shop of Horrors today, feeling proud!âºï¸ hâ¦",1
169,RT @SteveMartinToGo: Weather app says it's 88 but feels like 85. Confusing abounds; I'm running around the yard.,1
170,RT @Boofordfalcon: @BanjoHfuhruhur @jaz_zander @disney_frump @SteveMartinToGo @BanjoPope I would check his hands and feet to see if that moâ¦,1
171,RT @disney_frump: So much sass @SteveMartinToGo http://t.co/Ra6I3w9ySN,1
172,RT @WMHTPubMedia: .@GPerfPBS brings you @SteveMartinToGo on the banjo with @SteepCanyon and vocals by @ediebrickell tonight at 8 http://t.câ¦,1
173,RT @MintMilana: This guy is so cool. â@SteveMartinToGo: Now tweeting from an unknown location. http://t.co/8oCzdycz0xâ,1
174,RT @globetrekpro: @SteveMartinToGo would you shoot an episode of our Busking series for @Dallas_Observer when you and @ediebrickell play Meâ¦,1
175,@SteveMartinToGo Tomorrow is World Down Syndrome Day ! 21.03 Please RT !!! #WDSD #LotsOfSocks,1
176,@SteveMartinToGo King Tut has landed the highly coveted Song of the Week spot over at http://t.co/mYrXgPtQyS Please RT,1
177,"RT @SteveMartinToGo: Great scene, right? RT @Rhoda_:  Were you the one that accidentally got stepped on by the pair of elephants?",1
178,RT @SteveMartinToGo: Zebra 3? Two by two. RT @rosenbmp:  that was you?? I was zebra no. 3.  Not a great part.,1
179,@SteveMartinToGo King Tut has nabbed the highly coveted Song of the Week spot over at http://t.co/4EGupZjR2v Please RT,1
180,RT @BanjoHfuhruhur: @jaz_zander @BanjoPope @SteveMartinToGo The old jokes are still the best...!!!,1
181,RT @RobertWilonsky: .@ediebrickell has a show in August next to her high school with banjo player @SteveMartinToGo http://t.co/l4B1w4WWcy hâ¦,1
182,"RT @SteveMartinToGo: Too many ice cubes in ice tea while sitting under tree ruins warm, clear day.",1
183,RT @SteveMartinToGo: Have found a tree to sit under and if the temperature were 1 degree either side of what it is I would be happy.,1
184,RT @SteveMartinToGo: Just saw the Steep Canyon Rangers at the Mountain Song Festival. I had no idea they took other jobs. What the ???,1
185,Thank you Steven. RT @SteveMartinToGo I endorse @extramediumAlex. He taught me everything I know about humor and life.,1
186,"â@SteveMartinToGo: RT @theAgent_Z: Also, zebras bleed chocolate gravy, correct?â Mmm, zebra gravy.",1
187,"RT @SteveMartinToGo: If you're as excited as I am, then you're not very excited.",1
188,RT @rounderrecords: Available today! @SteveMartinToGo and @SteepCanyon featuring @ediebrickell LIVE. Get yours now. http://t.co/ZgRD5aPPgD,1
189,"RT @jacksonshrout: Happy 92nd birthday to the great @carlreiner. ""The Jerk"" is a comedy classic and features one of @SteveMartinToGo's bestâ¦",1
190,RT @nerdist: POINTS! (why not take ALL of them) RT @Matuck: The put Edwina Back in Bowl Game #RejectedBowlGames http://t.co/iEAHsul8FZ @Steâ¦,1
191,RT @SteveMartinToGo: I really enjoyed winning an Oscar while being home.,1
192,"RT @GballzDotCom: #ImadePENNbad and so can ***YOU***
@pennjillette @EmilyJillette @ConanOBrien @SteveMartinToGo http://t.co/mbMbOPuHR7",1
193,RT @carbonconcepts: @Sethrogen @sucrelyn You're becoming @SteveMartinToGo .,1
194,"@SteveMartinToGo RT @dailyrecord: Deer known as 'Steve Martin', with arrow removed from face last year, reappears http://t.co/xJvScX9jz1",1
195,RT @fringebutterfly: â@BillCorbett: It's EVE Martin not STEVE Martinâ @SteveMartinToGo,1
196,"RT @SteveMartinToGo: I love this version, too, but try fitting his name inRT @TrumpsPiehoLe: @SteveMartinToGo And Israel Kamakawiwo'ole.  hâ¦",1
197,RT @BanjoHfuhruhur: @MJMcKean @SteveMartinToGo â¦Plucking chickens in a KFC factory with Fisher Stevens!!!!! #SteveMartinMovieJinx http://t.â¦,1
198,RT @BanjoHfuhruhur: @BanjoPope @SteveMartinToGo Or like this? http://t.co/uqqGcrGHid,1
199,"RT @ThirteenNY: Apparently, comedy and bluegrass go together like peanut butter and jelly: http://t.co/7mjy4Znldx via @gperfpbs @SteveMartiâ¦",1
200,"RT @barbieangell: &amp; i'm sure @SteveMartinToGo would support @hopicecream for #WalkAMileAvl.... don't you want to be like Steve?
; )
https:/â¦",1
201,"RT @SirCliveOwen: But he was a Special Agent in @SteveMartinToGoÂ 's ""Pink Panther""  http://t.co/mqUBZH7DKW #Clive #CliveOwen #Bond #jamesboâ¦",1
202,RT @SteveMartinToGo: How do people become so classy at such a young age?,1
203,RT @julieseabaugh: Still freaked by how much @carolleifer's new book resonates with me. Best practical advice since @SteveMartinToGo's #Borâ¦,1
204,"RT @ptarkkonen: ""Be so good they cannot ignore you.""  -Steve Martin @stevemartintogo #quote",1
205,RT @georgelopez: @RobsRamblins @SteveMartinToGo @kathygriffin @missjennlyon what day did Steve Martin fall out ?,1
206,"RT @barbieangell: i'm sure if @SteveMartinToGo could, he'd be at my @TheHopWest show, because it benefits @OurVOICEnc &amp; #WalkAMileAvl...he'â¦",1
207,RT @SteveMartinToGo: In just 8 hours we will be onstage and this beautiful lawn will be covered with 5000 people booing. http://t.co/cXMMNWâ¦,1
208,RT @SteveMartinToGo: Why is the band making fun of my clothes? http://t.co/gVeAILXJ0U,1
209,RT @SteveMartinToGo: Seconds before show in Omaha. @ediebrickell and @SteepCanyon http://t.co/1YouOreDpz,1
210,"RT @SteveMartinToGo: Some nights, I can't believe where we are playing. Chicago Theatre. http://t.co/hAULma8Awr",1
211,"RT @SteveMartinToGo: Dang, another small turnout. http://t.co/RjB3GYH2xA",1
212,"RT @SteveMartinToGo: Backstage with Conan rehearsing a ""comedy bit"" for tonight. @ConanOBrien @SteepCanyon @ediebrickell http://t.co/2uRCeVâ¦",1
213,"RT @SteveMartinToGo: Here's a photo I don't know. In case you think I'm a newbie on the banjo. ""@__013
Love the coffeehouse Steve. http://tâ¦",1
214,RT @SteveMartinToGo: That's standing in. RT @belafleckbanjo:  @SteveMartinToGo sits in w/ @abigailwashburn and me at #MountainSongFestival â¦,1
215,RT @SteveMartinToGo: Two perfect cocktails. http://t.co/m5eLWF58fh,1
216,RT @SteveMartinToGo: Working with Jim Parsons today and we are about to meet Obama. Hoping to become a federal judge! http://t.co/Xv8Bq7cqpT,1
217,RT @SteveMartinToGo: I did not want to pass along my cold. RT @MagicZoetrope: .  elbow bumps @BarackObama   â&gt;  http://t.co/IQZilqqbQ0,1
218,RT @SteveMartinToGo: I love asking Parisians if they would mind taking my photo! http://t.co/sRvkdOcrIf,1
219,"RT @SteveMartinToGo: W/ Paula Zahn, after interview for PBS's upcoming Great Performances with @SteepCanyon and @ediebrickell. http://t.co/â¦",1
220,"RT @SteveMartinToGo: Wow! Still exciting after all these years. Grammy for best Americana Song, with @ediebrickell http://t.co/8YAzIzVwIv",1
221,"RT @SteveMartinToGo: Pete Seeger at 90, taken by my friend Tony Trischka. http://t.co/V3b5w7O6HQ",1
222,RT @SteveMartinToGo: So proud! http://t.co/0pAXJI65qE,1
223,"RT @SteveMartinToGo: Got to spend some alone time with Jackson Pollock's masterpiece ""Mural.""   The painting won. http://t.co/dn3AJ8t3Tc",1
224,"RT @SteveMartinToGo: We are playing this beautiful theatre in Stockton, CA, tonight. Just playing the ticket booth, though. http://t.co/wpjâ¦",1
225,"RT @barbieangell: lastly, i'm sure that @SteveMartinToGo is about to ask me to stop posting hypothetical tweets which mention him.... &amp; so â¦",1
226,"RT @emilyhughston: @SteveMartinToGo, my pal @ElyseBrandau painted you ironing a kitten. It's as delightful as it is cruel! http://t.co/mJxCâ¦",1
227,RT @nancy_gotradio: New AMA chart: @CarlooneyCarter most added/debut at #34; @SteveMartinToGo debut #20; @rosannecash #1 - all on @gotradioâ¦,1
228,RT @EventfulCapital: JUST ANNOUNCED: @OttawaJazz 14 to feature headliners @EarthWindFire @BenHarper @SteveMartinToGo @HypnoticBrass + more â¦,1
229,"RT @SteveMartinToGo: Dung beetle hilarious as the ""loser"" comedy part. RT @BanjoPope: 

As a dung beetle, I may have played the most essentâ¦",1
230,"Do you do your own stunts? MT â@SteveMartinToGo: Great scene, right? @Rhoda_:  Were you the one that got stepped on by pair of elephants?â",1
231,"Steve, do more Man With Two Brains references! .... ""That was so .... professional."" MT @SteveMartinToGo Get that cat outta here!",1
232,RT @Kelar71: @David_Cameron has just heard about Grant Shapps trying to be clever again. #torybingo #Budget2014 http://t.co/10xEtraFVm,1
233,RT @roguecroce: Lord #Tebbit: #Axe @David_Cameron before General #Election http://t.co/aVoPgqA8dO,1
234,RT @Saggydaddy: Why are @David_Cameron are @George_Osborne so keen on Fracking. Hmm I wonder #Newsnight http://t.co/oZWsIKONax,1
235,RT @woodenfishjim: @Saggydaddy   Why are @David_Cameron are @George_Osborne so keen on Fracking. Hmm I wonder #Newsnight http://t.co/TyCo2dâ¦,1
236,RT @Kevdoolan73: @David_Cameron @JKCorden  @sportrelief I would rather stick pins on my eyes than read that toilet paper #JFT96,1
237,"RT @stegley_80: THE most twattish tweet ever ""@David_Cameron: Tough interview with @JKCorden who is guest editor of @TheSunNewspaper for @sâ¦",1
238,RT @cshallwriter: Think this was supposed to be a DM. RT @David_Cameron WHEEEEY GEORGEY MINE'S A SNAKEBITE AND WHISKY CHASER GET EM IN,1
239,RT @GreenpeaceUK: Flood waters causing a stir at #drowningstreet today. C'mon @david_cameron - get tough at todayâs climate talks. http://tâ¦,1
240,RT @ChateauDeCalley: @David_Cameron look how sad my dog is. #WhatTheFox ? http://t.co/uEkznyrejc,1
241,RT @GreenpeaceUK: BREAKING: No. 10 hit by flood waters. Will @David_Cameron now get serious at today's climate talks? #DrowningStreet http:â¦,1
242,RT @pab10h: What Russia has done with Crimea is what the UK should do with #Gibraltar once and for all @WilliamJHague @David_Cameron. Startâ¦,1
243,"RT @BangDingOwww: Pursuing a Forward-Looking Relationship btwn Japan ï¼ the Republic of Korea
http://t.co/fapHj6qPbZ
@David_Cameron @fhollanâ¦",1
244,RT @MattChorley: Hope first question was about putting those chairs with that carpet RT: @David_Cameron Tough interview with @JKCorden httpâ¦,1
245,RT @jimmymilner78: @David_Cameron Hi David. I'm thinking of visiting #DiegoGarcia for my holidays. Is there a direct flight from Malaysia dâ¦,1
246,"RT @Emma_Goodrich: @David_Cameron @RufusHound David, David, David.
You shouldn't lie you know.
#fullofcrap http://t.co/trlg8Y21F0",1
247,RT @snook1111pie: @IWILLNOTGOAWAY @itvnews Brilliant isn't Deborah ? Nero fiddles while Rome burns ! #mccann @David_Cameron,1
248,RT @DavidTaboada1: Apa @David_Cameron #WhatTheFox? http://t.co/XvaGLMHUkk,1
249,RT @joehanlon23: @BenClink @MattPrice2411 @jonnyhall44 So excited yet so scared #APOCOLASH2k14 @rihanna @David_Cameron @Tyson_Fury @BigJohnâ¦,1
250,"RT @AndyGilder: Local Government pay rise offer - 1%
PWC predict UK inflation 2014 - 2.6%

Wages still ""not falling in real terms"", @David_â¦",1
251,RT @leonard11110: @David_Cameron The Scot asked 4 independence &amp; you know it will happen as the Scottish wants it! NOW BIAFRA also wants its,1
252,"RT @RajaAlthaibani: @David_Cameron @BarackObama  Yo cameron, while you're at it, can you ask about #Syria?  #Ø³ÙØ±ÙØ§ #davecalls http://t.co/bâ¦",1
253,RT @JSinghF: @TheSimonJordan @bobthehuskyman @David_Cameron This is the type of Fox hunting I can support Fox is doing the hunting http://tâ¦,1
254,RT @LeagueJoe: #WhatTheFox? @David_Cameron Do not bring back hunting by the back door - I oppose any amendment to the Hunting Act http://t.â¦,1
255,RT @LeagueJoe: Hey @David_Cameron #WhatTheFox is going on with the Hunting Act? @LeagueEngland http://t.co/A1beJD4JUz,1
256,"RT @GemimaClairmont: @Sophia_Isobell @Pwookey @David_Cameron traditions come to an end. Bear baiting, cocking fighting, mammoth hunting allâ¦",1
257,"RT @bognorcalling: ""@kavvy_1: Major Swiss cities set to back 'cannabis clubs' - The Local http://t.co/j23x9NNYn2""
@David_Cameron @nick_clegâ¦",1
258,RT @David_Cameron: I've been speaking to @BarackObama about the situation in Ukraine. We are united in condemnation of Russia's actions. htâ¦,1
259,RT @leestevensmith: Fucking disgrace I'm having to fork out 4grand for a new boiler system when the dole dossers gets it free. Is this fairâ¦,1
260,RT @abbie_frampton: @David_Cameron #WhatTheFox utterly disgusting. You should be ashamed if you let this happen. http://t.co/qoENAF8kuw,1
261,RT @AnnieTinson: My bus driver drove off even though I was one metre from the doors today I blame u @David_Cameron sort it out fam,1
262,RT @Kiwiadam14: Reading through the replies to tweets by @David_Cameron is reason enough to be on twitter,1
263,RT @rablivingstone: Dear @David_Cameron Have you considered blocking all the Russians from our online Bingo sites? That'll make them sit upâ¦,1
264,RT @ruperttwat: @NHAparty tattoo it  on to Rupert Murdoch's arse and then @David_Cameron will see it regularly for as long as he is PM,1
265,RT @lojinks: Hi @LauraSandysMP can the government help save Manston Airport? http://t.co/7MShocQMxk does @David_Cameron know about it? Suchâ¦,1
266,"RT @GrahamScobie: #WhatTheFox @David_Cameron? Tradition and the fact your mates in Oxford like it, does not make it ok to kill stuff. http:â¦",1
267,"RT @Hugh_Amye: @David_Cameron #ShareTheFacts
#ConservativeParty http://t.co/lipd4OiaqT",1
268,RT @BaylorHistory: Baylor PhD student @p_emory reviews Matthew Bowman's new @OUPAcademic book on liberal evangelicalism in early 20c NYC htâ¦,1
269,RT @MathJax: We're thrilled! Oxford University Press @OUPAcademic continues to support MathJax!  http://t.co/mDEbRjhJXR,1
270,RT @PhiBetaKappa: WEBINAR: 3/24 Join #PBK &amp; Helen Small for âThe Quest for #Humanities in Uncertain Timesâ http://t.co/7ADhePBUlz @OxHumaniâ¦,1
271,RT @OUPAcademic Is Paul Ryan Racist? Has he learned his lesson? http://t.co/v65CAJA3kz  by @IanHaneyLopez @DogWhistleRace @Politico,1
272,RT @Frankwspencer: From art to autism: a Q&amp;A with Uta Frith http://t.co/cirdYrUKvF via @OUPAcademic,1
273,RT @AcademicsSay: The Oxford Comma. @OUPAcademic http://t.co/cJ8Ant6fop,1
274,RT @utafrith: Thnx for mention @OUPAcademic @SchoolBehaviour @artdublinblog:  From art to autism: a Q&amp;A - http://t.co/zVs0QpELjC #autism,1
275,"RT @OUPAcademic: Britain, France, and their roads from empire http://t.co/2IP95gu9YG w/ @UniofExeter prof Martin Thomas #twitterstorians",1
276,RT @Raquel_EFL: The Raquel_EFL Daily is out! http://t.co/5kzLSXx7yt Stories via @OUPAcademic @MartinShovel @cienparalela,1
277,"RT @FinchelsteinF: My book The Ideological Origins of the Dirty War, Oxford University Press @OUPAcademic is out! http://t.co/d45waH5GMB",1
278,RT @Demografia_CSIC: The Hispanic Community in the #US is at greater risk of #hypertension and cardiovascular disease http://t.co/68SEoY8uZâ¦,1
279,RT @OUPAcademic: #twitterstorian with a 'to read' pile? Read @enghistrev 2011/2012 book review articles for free through 2014 http://t.co/eâ¦,1
280,RT @LSEReviewBooks: Latest #economics review: Wrong: 9 Economic Policy Disasters &amp; What We Can Learn from Them by R Grossman @OUPAcademic hâ¦,1
281,RT @hangingnoodles: MT @OUPAcademic: Of Sexual Irregularitiesâ¦by Jeremy Bentham http://t.co/dCkPjucfZ1  //see also Bentham's bucket error hâ¦,1
282,Bibliotecas del mundo RT @OUPAcademic World's 20 Most Stunning Libraries http://t.co/8F4OPpi4yg  via @fodorstravel h/t @ShelfAwareness,1
283,RT @OUPAcademic: Thomas Jeffersonâs Statute for Religious Freedom http://t.co/xijhG4yo7p by Joy Hakim #twitterstorians,1
284,"RT @OUPAcademic: Today is World Social Work Day. Free articles from journals, books, and reference: http://t.co/lEfut1gumW #socialwork #Allâ¦",1
285,RT @OUPAcademic: How do social workers deal with disaster response and recovery? Lessons from  Superstorm Sandy http://t.co/4KR3SXyj41 #socâ¦,1
286,RT @OUPAcademic: Eddie Shapiro's Nothing Like a Dame Profiles 20 of Broadway's Most Iconic DivasÂ http://t.co/MFN9QOJxyZ by @c_wong79 @HuffPâ¦,1
287,"RT @OUPAcademic: Beggars, buggers, and bigots, part 4 (final in the series) http://t.co/IN9XpnxwlJ #etymology",1
288,"RT @jdmier: @taylorswift13 no taylor swift, those aren't your boyfriends, those are bands",1
289,"RT @edsheeran: Bit late on this I know, but my mate @taylorswift13's single 'we are never getting back together' is out in the UK now! Likeâ¦",1
290,RT @taylorswift13: Midnight cinnamon roll. I'd blame the jet lag but I'm not even sorry. http://t.co/dzfbKMikZa,1
291,RT @OnAirWithRyan: Watch first trailer for @TheGiverMovie starring @taylorswift13 @KatieHolmes212 http://t.co/RDvEVHRKiW http://t.co/GlWlo8â¦,1
292,RT @leah_cowan22: Maybe @taylorswift13 does have twin... And she's named Becky. #SwiftieJoke,1
293,"RT @NV_GUAP: @taylorswift13 I met you today at whole foods, I hope you liked the fish I got for you. I was so shocked when I saw you I wantâ¦",1
294,"RT @NV_GUAP: @taylorswift13 I have to say you are more beautiful in person than on tv, I found it so kind that you were worried about skippâ¦",1
295,"RT @NV_GUAP: @vancouverswift @taylorswift13 yes I am I was just shocked, our policy is not to say hi or take pictures, I was so sad.",1
296,"RT @NV_GUAP: @DetroitSheeran @taylorswift13 no scene some ppl didn't notice her, she's a frequent customer so security is always on high alâ¦",1
297,RT @justinbieber: every1 this weekend let's try and get BABY to #1 on ITUNES!! would b my first #1 and a dream come true. sorry @taylorswifâ¦,1
298,"RT @taylorswift13: ""State of Grace"" comes out tonight on iTunes at midnight! yayyyyyyyy!",1
299,RT @beeizz13: Haha even my first tweet was about @taylorswift13 â¤ï¸â¤ï¸ððððð  #swiftie http://t.co/sWyrz5YgHr,1
300,"RT @taylorswift13: Well hello again, summer.
And green grass
Cloudless blue skies.
And dancing in the afternoon
for no reason at all. http:â¦",1
301,"RT @carlitasaputri: And I just wanna tell you, it takes everything in me not to call you, and Iâ¦ â« I Almost Do by @taylorswift13 â https://â¦",1
302,"RT @OrTuris24: @readbio_pleaase @lovefearless_13,Swifties always together and supporting each other to get a more beautiful smile to @tayloâ¦",1
303,"RT @TasteOfCountry: Taylor, we see you, girl! Can you spot @TaylorSwift13 in the trailer for #TheGiver? http://t.co/oDWwJrpTOy",1
304,"RT @CherLloyd: Had the most amazing time performing with @taylorswift13 ,She's the sweetest girl I've ever met!!! Loved it!!! Xxx http://t.â¦",1
305,"RT @GlittersSwift13: Taylor, i wanna meet you so badddd :( @taylorswift13",1
306,"RT @taylorswift13: Spent all day with the other Taylor. Lots of laughing, lots of confusion over which one was actually being called to setâ¦",1
307,"RT @taylorswift13: Berlin, you were a DREAM!! AND @edsheeran came along to surprise you with 'I See Fire'. Thank you for being wonderful. ð©â¦",1
308,RT @taylorswift13: A huge thank you to US Ambassador @MatthewBarzun for giving me this pin that so accurately expresses my feelings. http:/â¦,1
309,RT @taylorswift13: Just googling when I can watch @GraceEGold skate in the Olympics next... How adorable and lovely is she?! http://t.co/2hâ¦,1
310,RT @taylorswift13: HAPPYBIRTHDAY @edsheeran! Now let's take a moment to reflect back on the best outfit you've ever worn. @austinswift7 httâ¦,1
311,"RT @taylorswift13: California here we come, right back where we started from... ROAD TRIP!! @karliekloss http://t.co/D9CkMwfwT6",1
312,RT @taylorswift13: This forest situation. @karliekloss http://t.co/E9k0nZx310,1
313,"RT @taylorswift13: Beach, forests, cliffs, Northern California, sand, flower picking. Best road trip ever. @karliekloss http://t.co/8hw7cowâ¦",1
314,RT @taylorswift13: On the way home. @karliekloss http://t.co/CDIfFGFoqA,1
315,RT @taylorswift13: apologizing to a very needy cat for being gone so long.,1
316,"RT @taylorswift13: Doing interviews w/ a song stuck in my head=""Focus. Answer the question. BABY YOU A SONG, YOU MAKE ME WANNA ROLL MY WINDâ¦",1
317,RT @taylorswift13: Back in the studio. Uh oh...,1
318,RT @taylorswift13: My dad loves the CMAs. https://t.co/LeOt2PWzDx,1
319,"RT @taylorswift13: Trouble, trouble, trouble... @VictoriasSecret #VSFashionShow http://t.co/B1T2HkWGfi",1
320,RT @mbp2011_: @TIM_COOK #APPLE #MBP2011 #WHATWOULDSTEVEJOBSDO --&gt; http://t.co/fI5g8wXgKp http://t.co/qyFjinEtg0,1
321,"RT @tim_cook: Remembering my friend Steve on his birthday. ""Stay hungry, Stay foolish"". We honor him by continuing the work he loved so mucâ¦",1
322,@tim_cook Ahem RT @MacRumors: Malicious Tor Browser Persists in iOS App Store for Months Despite Protests http://t.co/d1Q0Xa3h4z,1
323,RT @Thiebout: @tim_cook The Apple Stores are beautiful. Iâd be really happy if there would be one in Belgium.,1
324,RT @iFred4S: Hey!  @tim_cook IOS 7! Very big piece of shit! http://t.co/k06hZMBCOD,1
325,"RT @oktawian: Xcode 5.1 - crash no 10,000,000 - what a crap! What is wrong with #Apple under @tim_cook ?! :(  #Xcode51",1
326,RT @tim_cook: We are marking #World AIDS Day by turning Apple's logo red. Together we can achieve an AIDS free generation. http://t.co/3kdxâ¦,1
327,"RT @TheStreet: I'm an unabashed #Apple fanboy, and I'm defending Apple's #CEO @Tim_Cook:
http://t.co/jsT9NkWjYJ $AAPL",1
328,RT @tim_cook: Visited Retail Stores in Palo Alto today. Seeing so many happy customers reminds us of why we do what we do.,1
329,"RT @TomSteyer: When @Tim_Cook &amp; @RichardBranson both say businesses should stand up to #ClimateChange deniers, the corporate world should lâ¦",1
330,"RT @tim_cook: Great Auburn visit. Met @CoachGusMalzahn, @Pat_Sullivan7, coffee with Wade at @WakeUpAU, saw @AUTigerBaseball win, fun @AUAluâ¦",1
331,RT @tim_cook: Still standing at the intersection of technology and the liberal arts. Happy Birthday Mac! http://t.co/w1WhQEvn2i,1
332,"RT @eric_merced: Dear @tim_cook, the Artist community loves Apple. But we NEED an Apple equivalent to the Surface Pro. We know you can do iâ¦",1
333,"RT @social_sheep: @tim_cook Are we Robots for your company ?
http://t.co/Ays7YZsSkZ #apple #mbp2011  @mbp2011_ http://t.co/iKSmfhswFi",1
334,@tim_cook http://t.co/sf6L8Omxzg #MH370 #comingtogether Maybe Apple could give every family member an #iphone #communication #stayintouch RT,1
335,RT @andrewaaron: Well @tim_cook @elonmusk @kanyewest I'll go ahead and block off next week. http://t.co/bdQzLm3wWR,1
336,@tim_cook Please RT!  what's new in iOS 7.1? Read my article to find out! http://t.co/1VFzixaGMW,1
337,RT @MikeBeas: Trying to explain the iOS 7 task switcher to my mom over iMessage to help her quit a frozen app. Not going well. Thanks a lotâ¦,1
338,"RT @iamyourgirlrach: @tim_cook Apple has screwed me over multiple times, I am never purchasing an iPhone again and wasting money, you guys â¦",1
339,"RT @alhayal: @tim_cook

https://t.co/NXyntbv3PQ

#Activate_FaceTime_in_MiddleEast",1
340,"@tim_cook Funds are Urgently needed for Baby Hannah as she battles C.A.H,Heart&amp;Bowel Disease. http://t.co/Thu4ZUoIiq Pls Give &amp; RT",1
341,RT @robjkc: Just put my 2011 MacBook Pro to rest. Didn't think it would end up being a $2500 #iPaperweight! #mbp2011 @tim_cook http://t.co/â¦,1
342,"RT @bdmtech: Apple CEO @tim_cook puts accessibility above profits. ""I don't care about the bloody ROI."" Thanks, it makes a big difference. â¦",1
343,RT @MichielWessels: Early-2011 MacBook Pro owners report hardware failures &amp; system crashes http://t.co/wUHcExJd6y #mbp2011 @tim_cook,1
344,"RT @srussolillo: Apple CEO @tim_cook known as low-key southern gentleman, but even he is willing to throw down http://t.co/rEEPqprykO $AAPLâ¦",1
345,RT @tim_cook: Remembering Lincoln today and his dedication to the proposition that all men are created equal. We are still seeking to fullfâ¦,1
346,RT @Ettiennevdmerwe: @tim_cook surely one of the passengers on board #MH370 had an #iPhone or #ipad! Wouldnt #apple be able to track and loâ¦,1
347,RT @Mr_Taylorm: Does apple even care about what it sells? #mbp2011 #whatwouldstevejobsdo @tim_cook,1
348,"RT @juantomasrguez: #MBP2011 #WHATWOULDSTEVEJOBSDO, @tim_cook, @mbp2011_ Recall program, please. http://t.co/dx069yxVqp",1
349,"RT @mbp2011_: Over 1079 people disagree with #Apple buzzwords like ""isolated"" ""not widespread"" &amp; ""we're unaware"" #MBP2011 @tim_cook http://â¦",1
350,"So Much Potential! New App by @OpenGarden lets u chat w/no internet 
Apple @tim_cook PLEASE integrate into iMessage! http://t.co/C00SajAXKR",1
351,@mpgaruda @tim_cook Check out Chatforce for better group iMessages. https://t.co/MESwznvKVo,1
352,*stares at @tim_cook* MT @andysbowden: @macusermagazine Didnât Apple say they werenât worried about market share?,1
353,"seems you didnât listen, your retina MBP are faulty MT @tim_cook: Remembering Steve:  ""Details matter, itâs worth waiting to get it right.""",1
354,"MT ""@TomSteyer: When @Tim_Cook &amp; @RichardBranson both say businesses should stand up to #ClimateChange deniers, corp world should listen.""",1
355,@taylorswift13 We released a new iPhone app today! It's called @vrslyapp!  Daily Christian inspiration! See it here http://t.co/s6nGaHXPF1,1
356,.@taylorswift13 IS FOR THE ORANGE! #OrangeNation MT â@janehong_: @BenFang93 Your girl rooting for the orange! http://t.co/KYBaCW2QfJâ,1
357,@taylorswift13 It's my 21st bday. Could you pls RT this link for Flappy Friends!: https://t.co/19SWj5otrh It's free for iPhone! Thank you!,1
358,"MT @guyraz: where else can you hear @JamesFallows @ari_shapiro @RZA @MassGovernor @taylorswift13 in same hour?NPR, of course. 5P today",1
359,"RT @taylorswift13: dinner with Demi, Miley, emily, brandi, trace.",1
360,"RT @taylorswift13: Cooking myself dinner while wearing glasses. I'm so, like, totally a grown-up right now.",1
361,"RT @taylorswift13: It's summer, isn't it... https://t.co/x3Yy9EJiTu",1
362,"@taylorswift13 This. Is. Everything. ""MT @logan32 #FlashbackFriday #TaylorsPrince had the best 2 nights of his life http://t.co/rnsAjPj6ZH""",1
363,"Well jel MT @taylorswift13: A day of cooking in the Hamptons. How bad can that be? inagarten @foodnetwork_mag http://t.co/DF8fxA8QKj""",1
364,TSwift on Long Island?! MT @taylorswift13: A day of cooking in the Hamptons with my HERO. How bad can that be? http://t.co/JCWH4GnS4D,1
365,Why does Taytay get to cook with ina and I don't? MT: @taylorswift13 A day of cooking in the Hamptons with my HERO. http://t.co/snmJ2QqgSo,1
366,@rgay Ina's got company. MT @taylorswift13: A day of cooking in the Hamptons with my HERO. @foodnetwork_mag http://t.co/c5jfpNFzEx,1
367,MT @David_Cameron: Iâve been in Brussels to discuss our EU reform drive. #LongTermEconomicPlan @PinkWaferBelle http://t.co/6vVvsOQqU1,1
368,"MT @David_Cameron I've been in Brussels with @CBItweets, mtg business leaders EU reform drive. #LongTermEconomicPlan http://t.co/Nh82f4oh1H",1
369,MT @David_Cameron with @JKCorden who is guest editor of @TheSunNewspaper 4 @sportrelief - read all about it tomorrow. http://t.co/IOAhTYNFib,1
370,RT @estheraddley: Methinks its too long since he did Paxo MT @David_Cameron Tough interview with @JKCorden guest ed of @TheSunNewspaper httâ¦,1
371,Methinks its too long since he did Paxo MT @David_Cameron Tough interview with @JKCorden guest ed of @TheSunNewspaper http://t.co/uR0sqomr2d,1
372,MT @Shazza6969: @GreenpeaceUK My little girl Lilith wants @David_Cameron to save UK's #AncientWoodland  http://t.co/NDXJtHOGev  #TellCameron,1
373,"Excellent! MT @David_Cameron: Another significant fall in unemployment is sign our LongTermEconoPlan is working,providing security &amp; chances",1
374,RT MT DT TT @Number10gov @David_Cameron @Number10press Some Ukrainian Army Generals refuse to obey orders from #Kiev.,1
375,RT MT @Number10gov @David_Cameron @UKNATO @ukineu History Lesson - #Crimea was never part of #Ukraine. Russia gave it to #Ukraine in 1954.,1
376,"MT â@Channel4News: .@David_Cameron says Crimea referendum was ""spatchcocked together at the point of a Kalashnikov."" #c4newsâ
Amazing quote!",1
377,"RT @estheraddley: Hashtag bingo MT @David_Cameron Fall in unemployment is a sign our #LongTermEconomicPlan is working, providing chances #Fâ¦",1
378,"Hashtag bingo MT @David_Cameron Fall in unemployment is a sign our #LongTermEconomicPlan is working, providing chances #ForHardworkingpeople",1
379,"""One of my best friends is a Hardworkingpeople""

MT @David_Cameron ""â¦providing security &amp; chances #ForHardworkingpeople.""
#hashtagsbyyourdad",1
380,My hero(ine) :) MT @nfpdawnv: Hey @David_Cameron #WhatTheFox is going in with Hunting Act? #KeepTheBan no amendment! http://t.co/ZXuAE49e5u,1
381,MT @UKinMalaysia .@David_Cameron spoke to @NajibRazak to offer support on #MH370. @aaibgovuk &amp; @inmarsat_plc helping http://t.co/MYddcT3z6d,1
382,"MT @david_cameron: Our tax-free childcare allowance, worth up to Â£2000 per-child, will help millions of  families. #savingyoumoney",1
383,"MT @David_Cameron: Our tax-free childcare allowance, worth up to Â£2000 per-child. @IOMGovernment we need this! #TaxFreeChildcare",1
384,RT MT TT DT @Number10gov @David_Cameron Economic sanctions and asset freezes may make #Arabs and #Chinese take money out of #London,1
385,RT MT TT DT @Number10gov @David_Cameron Violent protestor takeover in #Kiev sets bad example in Northern #Ireland,1
386,RT MT DT TT @Number10gov @David_Cameron Protestors takeover in Kiev may inspire IRA ?,1
387,PM discusses mental health issues with sensitivity. MT @David_Cameron: The @sportrelief challenges range from the mad to the truly mad ...,1
388,RT MT DT TT @Number10gov @David_Cameron @foreignoffice @WilliamJHague You need to control people in #Kiev from doing something stupid.,1
389,"@David_Cameron  England: 5,333 deaths attributable to human-made #airpollution so far this year http://t.co/DIpDRZAi1d",1
390,HULK SMASH MT @andyburnhammp number of ppl made redundant then re-hired after @David_Cameron NHS reorganisation has almost doubled (3950).,1
391,Where's the uproar @David_Cameron? MT @MiddleEastMnt: Israelis storm Al-Aqsa Mosque and injure dozens of Palestinians http://t.co/xvzMiqMKU8,1
392,RT MT DT TT @Number10gov @David_Cameron Crimea part of #Russia given by #Russia to #Ukraine only in 1954 by #Russia.,1
393,"MT""@Referendum4TE: @David_Cameron  MsJeyakumari &amp; her daughter during a protest http://t.co/DZXACaNhN3 both r now kidnapped by #lka army. """,1
394,RT MT DT TT @David_Cameron If UK want to help #Ukraine then it should pay $ 2 billion for Ukraine gas unpaid bill to #Gazprom,1
395,MT @David_Cameron: It was an honour to meet President Peres tonight. We condemned today's rocket attacks from Gaza. http://t.co/qZxyJxeSZb,1
396,What's wrong w/ a cuppa &amp; falafel?  MT @David_Cameron: Hearing about Palestinian concerns over a cup of tea and falafel w/ Mayor of Bethlehm,1
397,RT @EronWelchans: #FalafelDiplomacy MT @David_Cameron Hearing about Palestinian concerns over tea and falafel w the Mayor of Bethlehem. httâ¦,1
398,#FalafelDiplomacy MT @David_Cameron Hearing about Palestinian concerns over tea and falafel w the Mayor of Bethlehem. http://t.co/cItak6E6R8,1
399,Let the games begin again MT @David_Cameron: Hearing Palestinian concerns over tea &amp; falafel with Bethlehem mayor http://t.co/lCFCXM8oPp,1
400,RT @jackpalmer88: MT @David_Cameron: Falafel with the Mayor of Bethlehem. http://t.co/l76h0nrZEL &lt; I can confirm that this restaurant makesâ¦,1
401,MT @David_Cameron: Falafel with the Mayor of Bethlehem. http://t.co/l76h0nrZEL &lt; I can confirm that this restaurant makes excellent falafel!,1
402,"Also comes with a healthy dose of fucking the poor MT @David_Cameron: If you want a referendum on Europe, join #LetBritainDecide",1
